City_ID,City,Country,Date,Lat,Lng,Max Temp,Humidity,Cloudiness,Wind Speed
0,Port Alfred,ZA,2022-07-26 00:12:47,-33.5906,26.891,52.18,83,0,1.01
1,Yulara,AU,2022-07-26 00:12:47,-25.2406,130.9889,51.22,52,0,17.02
2,Ixtapa,MX,2022-07-26 00:10:52,20.7,-105.2,85.23,79,75,8.05
3,Corrales,US,2022-07-26 00:12:16,35.2378,-106.6067,88.95,38,63,23.0
4,Hermanus,ZA,2022-07-26 00:12:48,-34.4187,19.2345,50.81,54,0,8.41
5,Ponta Do Sol,PT,2022-07-26 00:12:49,32.6667,-17.1,81.23,46,59,5.46
6,Coihueco,CL,2022-07-26 00:12:50,-36.6167,-71.8333,50.74,87,100,19.57
7,East London,ZA,2022-07-26 00:09:45,-33.0153,27.9116,55.44,70,0,12.08
8,Qaanaaq,GL,2022-07-26 00:12:51,77.484,-69.3632,43.12,66,5,0.85
9,Chicama,PE,2022-07-26 00:12:51,-7.8447,-79.1469,59.54,82,22,6.24
10,Lermontovka,RU,2022-07-26 00:12:52,47.1453,134.3383,70.18,86,73,3.69
11,Snezhnogorsk,RU,2022-07-26 00:12:52,69.1933,33.2531,56.98,82,97,8.14
12,Mataura,NZ,2022-07-26 00:12:53,-46.1927,168.8643,46.47,96,100,10.78
13,Cape Town,ZA,2022-07-26 00:12:53,-33.9258,18.4232,58.37,71,0,4.61
14,Hasaki,JP,2022-07-26 00:12:54,35.7333,140.8333,79.2,85,66,19.17
15,Norman Wells,CA,2022-07-26 00:12:54,65.282,-126.8329,78.84,29,40,12.66
16,Kudahuvadhoo,MV,2022-07-26 00:12:55,2.6708,72.8944,79.02,82,73,18.1
17,Aden,YE,2022-07-26 00:12:56,12.7794,45.0367,82.0,82,99,15.68
18,Ribeira Grande,PT,2022-07-26 00:12:56,38.5167,-28.7,74.84,88,15,5.19
19,Lakeside,US,2022-07-26 00:12:57,30.13,-81.7682,87.94,67,0,13.8
20,Tasiilaq,GL,2022-07-26 00:12:57,65.6145,-37.6368,39.51,89,100,2.46
21,Bethel,US,2022-07-26 00:12:58,41.3712,-73.414,82.85,84,0,6.91
22,Severo-Kurilsk,RU,2022-07-26 00:08:58,50.6789,156.125,54.03,83,90,9.93
23,Namatanai,PG,2022-07-26 00:12:59,-3.6667,152.4333,81.77,78,39,8.81
24,Posse,BR,2022-07-26 00:12:59,-14.0931,-46.3694,67.89,45,27,7.05
25,Villa Carlos Paz,AR,2022-07-26 00:08:20,-31.4241,-64.4978,61.39,50,74,3.0
26,Eyl,SO,2022-07-26 00:13:00,7.9803,49.8164,75.9,73,82,25.03
27,Santa Cruz,BO,2022-07-26 00:12:23,-17.8,-63.1667,78.26,73,75,5.75
28,Hilo,US,2022-07-26 00:11:53,19.7297,-155.09,89.28,77,20,10.36
29,Yellowknife,CA,2022-07-26 00:10:25,62.456,-114.3525,70.02,36,5,16.71
30,Punta Arenas,CL,2022-07-26 00:12:44,-53.15,-70.9167,32.11,69,20,12.66
31,Port Lincoln,AU,2022-07-26 00:13:03,-34.7333,135.8667,56.57,61,22,12.35
32,Novikovo,RU,2022-07-26 00:13:03,51.1537,37.8879,62.56,92,100,5.79
33,Bluff,NZ,2022-07-26 00:13:04,-46.6,168.3333,46.8,89,100,26.69
34,Cherskiy,RU,2022-07-26 00:13:04,68.75,161.3,55.02,41,76,11.01
35,Iranshahr,IR,2022-07-26 00:13:05,27.2025,60.6848,80.51,78,100,4.56
36,Hobart,AU,2022-07-26 00:13:04,-42.8794,147.3294,55.26,96,75,3.44
37,Alta Floresta,BR,2022-07-26 00:13:06,-9.8756,-56.0861,76.66,38,43,3.94
38,Burnie,AU,2022-07-26 00:13:06,-41.0667,145.9167,54.91,94,62,4.16
39,Cabo San Lucas,MX,2022-07-26 00:10:08,22.8909,-109.9124,92.5,64,0,16.11
40,Bredasdorp,ZA,2022-07-26 00:13:07,-34.5322,20.0403,46.9,67,0,4.56
41,Coquimbo,CL,2022-07-26 00:13:08,-29.9533,-71.3436,53.33,82,20,3.44
42,Castro,BR,2022-07-26 00:13:08,-24.7911,-50.0119,59.41,74,81,1.92
43,Nikolskoye,RU,2022-07-26 00:13:09,59.7035,30.7861,61.88,92,77,2.21
44,Kenai,US,2022-07-26 00:13:09,60.5544,-151.2583,65.03,73,75,25.32
45,Kruisfontein,ZA,2022-07-26 00:13:10,-34.0033,24.7314,46.89,75,0,6.13
46,New Norfolk,AU,2022-07-26 00:13:10,-42.7826,147.0587,54.91,87,98,1.59
47,Gat,IL,2022-07-26 00:12:04,31.61,34.7642,78.4,69,0,1.12
48,Thompson,CA,2022-07-26 00:14:11,55.7435,-97.8558,62.76,88,75,5.75
49,Rikitea,PF,2022-07-26 00:14:12,-23.1203,-134.9692,75.61,73,72,14.16
50,Novyy Urengoy,RU,2022-07-26 00:14:12,66.0833,76.6333,53.1,68,100,8.66
51,Olafsvik,IS,2022-07-26 00:14:13,64.8945,-23.7142,52.05,70,98,6.24
52,Flin Flon,CA,2022-07-26 00:14:13,54.7682,-101.865,68.14,46,99,9.51
53,Omaruru,NA,2022-07-26 00:14:14,-21.4333,15.9333,57.4,41,54,3.02
54,Puerto Ayora,EC,2022-07-26 00:10:57,-0.7393,-90.3518,69.55,94,100,8.99
55,Gigmoto,PH,2022-07-26 00:14:15,13.7796,124.39,84.29,72,88,4.18
56,Leningradskiy,RU,2022-07-26 00:13:42,69.3833,178.4167,34.34,90,100,6.11
57,Tuktoyaktuk,CA,2022-07-26 00:14:16,69.4541,-133.0374,60.8,67,75,19.57
58,Guerrero Negro,MX,2022-07-26 00:12:54,27.9769,-114.0611,75.6,64,1,16.49
59,Ancud,CL,2022-07-26 00:14:16,-41.8697,-73.8203,46.04,93,100,7.56
60,Misratah,LY,2022-07-26 00:14:17,32.3754,15.0925,80.87,69,0,8.84
61,Axim,GH,2022-07-26 00:14:18,4.8699,-2.2405,74.46,85,71,8.68
62,Luderitz,NA,2022-07-26 00:14:19,-26.6481,15.1594,55.6,84,33,11.18
63,Mezen,RU,2022-07-26 00:14:19,65.8522,44.24,45.99,90,4,4.76
64,Puerto Madryn,AR,2022-07-26 00:14:20,-42.7692,-65.0385,46.53,94,100,9.24
65,Kaitangata,NZ,2022-07-26 00:14:21,-46.2817,169.8464,45.54,92,100,17.22
66,Barrow,US,2022-07-26 00:09:51,71.2906,-156.7887,37.42,87,100,26.46
67,Avarua,CK,2022-07-26 00:14:22,-21.2078,-159.775,73.45,68,40,6.91
68,San Vicente,AR,2022-07-26 00:14:23,-26.6167,-54.1333,62.53,74,0,2.66
69,Bengkulu,ID,2022-07-26 00:13:41,-3.8004,102.2655,72.97,84,100,2.98
70,Pangnirtung,CA,2022-07-26 00:14:24,66.1451,-65.7125,51.4,67,28,2.84
71,Busselton,AU,2022-07-26 00:14:25,-33.65,115.3333,60.85,78,80,19.22
72,Evensk,RU,2022-07-26 00:14:25,61.95,159.2333,59.23,62,62,8.55
73,Georgetown,MY,2022-07-26 00:13:39,5.4112,100.3354,78.89,92,20,0.0
74,Prince Rupert,CA,2022-07-26 00:14:26,54.3161,-130.3201,66.29,85,100,18.41
75,Ushuaia,AR,2022-07-26 00:10:52,-54.8,-68.3,35.26,69,40,23.02
76,Dourbali,TD,2022-07-26 00:14:27,11.8091,15.8632,82.72,66,100,11.5
77,Opuwo,NA,2022-07-26 00:14:27,-18.0607,13.84,61.32,34,27,5.66
78,Mandalgovi,MN,2022-07-26 00:14:28,45.7625,106.2708,60.13,64,53,10.31
79,Tabas,IR,2022-07-26 00:14:28,33.5959,56.9244,95.07,20,1,8.01
80,Mahebourg,MU,2022-07-26 00:13:42,-20.4081,57.7,66.49,88,40,4.61
81,Dikson,RU,2022-07-26 00:14:29,73.5069,80.5464,44.94,91,99,23.78
82,Skelleftea,SE,2022-07-26 00:14:30,64.7507,20.9528,62.96,100,100,6.91
83,Faanui,PF,2022-07-26 00:14:30,-16.4833,-151.75,77.76,76,44,10.65
84,Saskylakh,RU,2022-07-26 00:14:31,71.9167,114.0833,69.98,72,92,6.58
85,Neuquen,AR,2022-07-26 00:10:06,-38.9516,-68.0591,44.49,93,75,3.44
86,Viedma,AR,2022-07-26 00:14:32,-40.8135,-62.9967,47.52,93,100,9.82
87,Lahij,YE,2022-07-26 00:14:32,13.1667,44.5833,88.66,43,99,2.59
88,Albany,US,2022-07-26 00:13:28,42.6001,-73.9662,76.51,62,43,10.96
89,Nelson Bay,AU,2022-07-26 00:11:51,-32.7167,152.15,57.0,98,75,4.0
90,Mujiayingzi,CN,2022-07-26 00:14:33,42.1167,118.7833,77.18,60,39,10.49
91,College,US,2022-07-26 00:12:17,64.8569,-147.8028,75.15,53,75,11.5
92,Beruwala,LK,2022-07-26 00:14:34,6.4788,79.9828,78.44,84,95,8.25
93,Airai,TL,2022-07-26 00:14:35,-8.9266,125.4092,64.71,54,58,3.58
94,Port Blair,IN,2022-07-26 00:14:35,11.6667,92.75,81.16,81,96,8.05
95,Iqaluit,CA,2022-07-26 00:14:36,63.7506,-68.5145,46.13,87,20,9.22
96,Laguna,US,2022-07-26 00:15:37,38.421,-121.4238,99.14,33,0,11.5
97,Zhob,PK,2022-07-26 00:15:37,31.3411,69.4481,73.31,80,93,3.98
98,Kahului,US,2022-07-26 00:15:38,20.8947,-156.47,89.62,65,40,26.46
99,Paamiut,GL,2022-07-26 00:15:38,61.994,-49.6678,43.99,93,93,4.88
100,Mar Del Plata,AR,2022-07-26 00:12:44,-38.0023,-57.5575,55.09,95,100,16.11
101,Katsuura,JP,2022-07-26 00:15:39,35.1333,140.3,80.62,88,96,19.26
102,Panacan,PH,2022-07-26 00:15:39,9.2463,118.4082,81.68,81,100,4.97
103,Vaini,TO,2022-07-26 00:15:40,-21.2,-175.2,78.96,83,40,10.36
104,Toktogul,KG,2022-07-26 00:15:40,41.8708,72.9402,74.16,34,0,1.48
105,Butaritari,KI,2022-07-26 00:15:41,3.0707,172.7902,82.72,69,97,17.49
106,Whitianga,NZ,2022-07-26 00:15:41,-36.8333,175.7,60.39,84,14,18.45
107,Geraldton,AU,2022-07-26 00:12:00,-28.7667,114.6,41.41,87,8,13.8
108,Mehamn,NO,2022-07-26 00:15:42,71.0357,27.8492,53.55,94,75,2.3
109,Esperance,AU,2022-07-26 00:13:33,-33.8667,121.9,51.84,57,51,19.62
110,Hofn,IS,2022-07-26 00:15:43,64.2539,-15.2082,51.46,86,73,2.95
111,Kapaa,US,2022-07-26 00:15:08,22.0752,-159.319,84.18,65,100,16.11
112,Provideniya,RU,2022-07-26 00:15:44,64.3833,-173.3,48.36,66,100,18.01
113,San Patricio,US,2022-07-26 00:12:30,28.017,-97.5169,92.17,54,7,17.96
114,Eslov,SE,2022-07-26 00:15:45,55.8393,13.3039,63.84,94,99,9.98
115,Zhezkazgan,KZ,2022-07-26 00:15:45,47.8043,67.7144,74.44,28,66,11.25
116,Isabela,PH,2022-07-26 00:15:46,6.7085,121.9711,84.25,80,99,5.17
117,Teya,RU,2022-07-26 00:15:46,60.3778,92.6267,56.59,98,100,2.28
118,Newport,GB,2022-07-26 00:15:08,51.5877,-2.9984,60.82,83,13,7.72
119,Carnarvon,AU,2022-07-26 00:15:47,-24.8667,113.6333,60.71,42,0,8.72
120,Havelock,US,2022-07-26 00:15:48,34.8791,-76.9013,82.94,88,0,11.5
121,Halifax,CA,2022-07-26 00:13:14,44.6453,-63.5724,67.89,94,84,20.71
122,Kodiak,US,2022-07-26 00:15:48,57.79,-152.4072,62.11,59,100,3.44
123,Da Nang,VN,2022-07-26 00:15:49,16.0678,108.2208,84.18,70,0,3.44
124,Lebu,CL,2022-07-26 00:15:50,-37.6167,-73.65,53.58,85,80,25.28
125,Narsaq,GL,2022-07-26 00:15:50,60.9167,-46.05,52.02,91,100,2.3
126,Padang,ID,2022-07-26 00:15:51,-0.9492,100.3543,73.45,91,100,2.73
127,Kavieng,PG,2022-07-26 00:15:51,-2.5744,150.7967,82.9,78,40,16.71
128,Jining,CN,2022-07-26 00:15:52,35.405,116.5814,77.32,88,92,7.43
129,Atuona,PF,2022-07-26 00:15:09,-9.8,-139.0333,77.68,66,18,10.47
130,Uruzgan,AF,2022-07-26 00:15:53,32.8333,66.0,77.43,45,68,0.07
131,Havoysund,NO,2022-07-26 00:15:53,70.9963,24.6622,52.03,91,100,12.15
132,Bendigo,AU,2022-07-26 00:15:54,-36.7667,144.2833,45.64,85,48,1.99
133,Bilibino,RU,2022-07-26 00:13:38,68.0546,166.4372,53.47,44,44,8.86
134,Atasu,KZ,2022-07-26 00:15:55,48.6814,71.6433,66.65,34,23,7.47
135,Inta,RU,2022-07-26 00:15:55,66.0317,60.1659,47.17,87,100,18.88
136,Dichiseni,RO,2022-07-26 00:15:56,44.2333,27.5333,66.97,63,2,3.06
137,Saint-Philippe,RE,2022-07-26 00:13:34,-21.3585,55.7679,65.21,81,32,9.78
138,Cabildo,AR,2022-07-26 00:15:57,-38.4842,-61.8954,52.23,91,99,9.69
139,Singaraja,ID,2022-07-26 00:15:58,-8.112,115.0882,77.41,71,33,3.71
140,Sao Filipe,CV,2022-07-26 00:15:58,14.8961,-24.4956,78.33,89,100,5.55
141,Piltene,LV,2022-07-26 00:16:59,57.2243,21.6744,64.35,94,0,8.05
142,Namibe,AO,2022-07-26 00:16:59,-15.1961,12.1522,61.29,86,5,8.3
143,Port Elizabeth,ZA,2022-07-26 00:17:00,-33.918,25.5701,55.69,82,0,13.8
144,Ahipara,NZ,2022-07-26 00:17:00,-35.1667,173.1667,56.61,88,87,22.88
145,Marathon,US,2022-07-26 00:17:01,44.9,-89.7668,72.93,54,0,9.22
146,Caborca,MX,2022-07-26 00:17:01,30.5838,-111.101,84.4,57,76,17.36
147,Lata,PT,2022-07-26 00:17:02,40.1629,-8.3327,59.47,97,0,2.57
148,Oxapampa,PE,2022-07-26 00:17:02,-10.5775,-75.4017,58.91,97,72,2.26
149,Arkhara,RU,2022-07-26 00:17:03,49.4212,130.0842,75.61,72,0,2.37
150,Yerbogachen,RU,2022-07-26 00:17:03,61.2767,108.0108,70.23,80,54,10.25
151,Tairua,NZ,2022-07-26 00:15:06,-37.0167,175.85,61.11,82,17,17.38
152,The Valley,AI,2022-07-26 00:17:04,18.217,-63.0578,82.81,78,55,23.11
153,Launceston,AU,2022-07-26 00:17:05,-41.45,147.1667,53.8,93,75,9.22
154,Vila Velha,BR,2022-07-26 00:17:05,-20.3297,-40.2925,69.94,87,40,0.0
155,Kaniama,CD,2022-07-26 00:17:06,-7.5667,24.1833,72.14,34,21,6.76
156,Berdigestyakh,RU,2022-07-26 00:17:06,62.0989,126.6992,76.78,58,63,7.74
157,Isangel,VU,2022-07-26 00:16:14,-19.55,169.2667,77.11,94,100,10.36
158,Longyearbyen,SJ,2022-07-26 00:17:07,78.2186,15.6401,48.04,81,75,12.66
159,Saint George,US,2022-07-26 00:12:14,37.1041,-113.5841,72.19,83,100,5.75
160,Riverton,US,2022-07-26 00:16:19,40.5219,-111.9391,96.44,24,0,11.5
161,Tanout,NE,2022-07-26 00:17:09,14.9709,8.8879,92.48,19,12,4.85
162,Manavalakurichi,IN,2022-07-26 00:15:06,8.1333,77.3,77.25,84,100,13.94
163,Clyde River,CA,2022-07-26 00:17:09,70.4692,-68.5914,41.23,93,100,8.05
164,Jamestown,US,2022-07-26 00:12:24,42.097,-79.2353,68.52,63,0,6.91
165,Kuusamo,FI,2022-07-26 00:17:10,65.9667,29.1833,60.84,77,0,9.22
166,Margate,GB,2022-07-26 00:14:04,51.3813,1.3862,64.9,69,72,5.99
167,Jaru,BR,2022-07-26 00:17:12,-10.4389,-62.4664,78.17,34,11,4.54
168,Biak,ID,2022-07-26 00:17:12,-0.9131,122.8766,77.83,80,76,6.64
169,Hamilton,US,2022-07-26 00:15:24,39.1834,-84.5333,78.42,75,0,4.61
170,Jever,DE,2022-07-26 00:17:13,53.5833,7.9,66.02,94,43,14.09
171,Dingle,PH,2022-07-26 00:12:21,10.9995,122.6711,80.91,85,79,3.87
172,Utete,TZ,2022-07-26 00:17:14,-7.986,38.758,67.03,94,39,2.84
173,Phan Thiet,VN,2022-07-26 00:12:54,10.9333,108.1,79.77,83,54,2.89
174,Kalmunai,LK,2022-07-26 00:17:15,7.4167,81.8167,79.72,79,100,3.53
175,Dayong,CN,2022-07-26 00:17:15,25.0209,118.2898,84.0,83,80,1.43
176,Lompoc,US,2022-07-26 00:16:50,34.6391,-120.4579,84.02,73,0,14.97
177,San Jose,US,2022-07-26 00:13:44,37.3394,-121.895,87.69,48,20,13.8
178,Klaksvik,FO,2022-07-26 00:17:17,62.2266,-6.589,47.32,84,53,11.59
179,Grand Gaube,MU,2022-07-26 00:17:17,-20.0064,57.6608,66.6,79,5,4.0
180,Sarakhs,IR,2022-07-26 00:17:18,36.5449,61.1577,84.51,35,0,32.95
181,Pevek,RU,2022-07-26 00:12:18,69.7008,170.3133,37.9,76,94,12.62
182,Kangaatsiaq,GL,2022-07-26 00:17:19,68.3065,-53.4641,39.65,96,100,8.84
183,Salihorsk,BY,2022-07-26 00:17:19,52.7876,27.5415,55.96,88,3,3.49
184,Hobyo,SO,2022-07-26 00:18:20,5.3505,48.5268,74.75,85,4,21.97
185,Chiang Rai,TH,2022-07-26 00:15:54,19.9167,99.9167,79.57,95,20,0.0
186,Pangkalanbuun,ID,2022-07-26 00:18:21,-2.6833,111.6167,76.87,82,77,3.22
187,Bonthe,SL,2022-07-26 00:18:21,7.5264,-12.505,74.95,78,83,5.64
188,Filomeno Mata,MX,2022-07-26 00:18:22,20.2,-97.7,70.52,91,89,2.59
189,Mahibadhoo,MV,2022-07-26 00:18:22,3.7833,72.9667,80.94,78,91,14.29
190,Madimba,TZ,2022-07-26 00:18:23,-10.4,40.3333,69.64,89,10,9.15
191,Mahon,ES,2022-07-26 00:18:24,39.8885,4.2658,81.16,74,75,18.41
192,Mombasa,KE,2022-07-26 00:18:24,-4.0547,39.6636,72.34,86,57,11.59
193,Aklavik,CA,2022-07-26 00:18:25,68.2191,-135.0107,75.18,36,61,14.74
194,Khatanga,RU,2022-07-26 00:18:25,71.9667,102.5,71.78,42,37,5.57
195,Bambous Virieux,MU,2022-07-26 00:18:26,-20.3428,57.7575,66.45,88,40,4.61
196,Ananas,HT,2022-07-26 00:18:26,19.2466,-71.9557,74.35,82,79,4.61
197,Bairiki,KI,2022-07-26 00:18:27,1.3292,172.9752,86.0,66,20,13.8
198,Kugulta,RU,2022-07-26 00:18:27,45.3636,42.3889,66.78,76,69,7.29
199,Vao,NC,2022-07-26 00:18:28,-22.6667,167.4833,69.33,68,44,13.96
200,Prado,BR,2022-07-26 00:18:24,-17.3411,-39.2208,70.92,83,52,6.4
201,San Andres,CO,2022-07-26 00:14:00,12.5847,-81.7006,80.62,83,75,6.91
202,Waipawa,NZ,2022-07-26 00:18:29,-41.4122,175.5153,52.66,97,100,12.37
203,North Platte,US,2022-07-26 00:18:29,41.1239,-100.7654,67.89,88,100,10.36
204,Huilong,CN,2022-07-26 00:18:30,31.8111,121.655,79.86,86,83,11.88
205,Sitka,US,2022-07-26 00:18:30,57.0531,-135.33,57.09,88,100,0.0
206,Prestonpans,GB,2022-07-26 00:18:31,55.9594,-2.9804,55.81,79,100,1.01
207,Chokurdakh,RU,2022-07-26 00:18:31,70.6333,147.9167,59.81,39,83,14.58
208,Muroto,JP,2022-07-26 00:18:32,33.2833,134.15,81.23,77,74,2.57
209,Kieta,PG,2022-07-26 00:18:32,-6.2167,155.6333,82.35,74,63,3.27
210,Sao Felix Do Xingu,BR,2022-07-26 00:18:33,-6.6447,-51.995,78.35,46,48,0.72
211,Los Llanos De Aridane,ES,2022-07-26 00:16:17,28.6585,-17.9182,71.35,78,0,14.97
212,Ukiah,US,2022-07-26 00:14:32,39.1502,-123.2078,97.65,30,0,11.5
213,Kaffrine,SN,2022-07-26 00:18:34,14.1059,-15.5508,77.99,87,100,9.48
214,Chara,RU,2022-07-26 00:18:34,56.9064,118.2631,73.27,58,5,3.98
215,Porterville,US,2022-07-26 00:18:35,36.0652,-119.0168,104.52,19,0,9.22
216,Vardo,NO,2022-07-26 00:18:35,70.3705,31.1107,53.58,94,100,9.22
217,Qasigiannguit,GL,2022-07-26 00:18:36,68.8193,-51.1922,46.65,96,100,2.13
218,Maputo,MZ,2022-07-26 00:14:22,-25.9653,32.5892,56.88,77,20,6.91
219,Sterling,US,2022-07-26 00:14:11,39.0062,-77.4286,79.68,90,100,8.05
220,Sisimiut,GL,2022-07-26 00:18:37,66.9395,-53.6735,43.52,89,100,10.8
221,Buchanan,LR,2022-07-26 00:18:37,5.8808,-10.0467,73.56,80,9,5.88
222,Miramar,US,2022-07-26 00:18:38,25.9873,-80.2323,85.03,76,40,13.8
223,Bhalki,IN,2022-07-26 00:18:38,18.0333,77.2167,72.91,88,100,8.1
224,Itarema,BR,2022-07-26 00:18:39,-2.9248,-39.9167,77.92,75,65,13.49
225,Two Hills,CA,2022-07-26 00:18:39,53.7169,-111.7518,70.29,60,86,9.22
226,Bixby,US,2022-07-26 00:16:41,35.942,-95.8833,102.54,31,0,11.5
227,Broken Hill,AU,2022-07-26 00:16:19,-31.95,141.4333,49.66,54,0,19.95
228,Santa Isabel,BR,2022-07-26 00:18:40,-23.3156,-46.2214,68.76,82,34,0.18
229,Tonj,SS,2022-07-26 00:17:19,7.2737,28.6822,70.43,95,51,4.52
230,Celestun,MX,2022-07-26 00:18:41,20.8667,-90.4,83.41,74,78,16.93
231,Luanda,AO,2022-07-26 00:16:29,-8.8368,13.2343,70.61,87,61,5.88
232,Deder,ET,2022-07-26 00:19:42,9.3167,41.45,55.85,69,99,9.78
233,Upernavik,GL,2022-07-26 00:19:42,72.7868,-56.1549,39.67,88,46,10.2
234,Punta Alta,AR,2022-07-26 00:19:43,-38.8759,-62.0736,52.93,87,99,8.66
235,Dunedin,NZ,2022-07-26 00:18:25,-45.8742,170.5036,45.57,93,100,20.13
236,Honningsvag,NO,2022-07-26 00:19:44,70.9821,25.9704,51.55,100,100,2.3
237,Povenets,RU,2022-07-26 00:19:44,62.8487,34.8262,61.47,79,82,5.91
238,Victor Harbor,AU,2022-07-26 00:19:45,-35.5667,138.6167,55.0,68,16,13.04
239,Kawalu,ID,2022-07-26 00:19:45,-7.3817,108.2082,67.15,88,88,0.92
240,Nome,US,2022-07-26 00:19:46,64.5011,-165.4064,53.67,94,100,10.36
241,Monrovia,LR,2022-07-26 00:19:46,6.3005,-10.7969,74.5,75,3,4.88
242,Loukhi,RU,2022-07-26 00:19:47,66.0764,33.0381,53.67,80,94,7.47
243,La Rioja,ES,2022-07-26 00:19:47,42.25,-2.5,60.58,97,31,3.74
244,Chokwe,MZ,2022-07-26 00:19:48,-24.5333,32.9833,58.06,80,0,4.61
245,Zhetysay,KZ,2022-07-26 00:19:48,40.7333,68.3,78.57,26,0,5.79
246,Sadon,RU,2022-07-26 00:19:49,42.8518,44.0037,52.77,82,12,7.11
247,Kungurtug,RU,2022-07-26 00:19:50,50.5994,97.5228,49.15,77,37,3.11
248,Nuuk,GL,2022-07-26 00:15:17,64.1835,-51.7216,43.41,93,40,3.44
249,Arraial Do Cabo,BR,2022-07-26 00:19:50,-22.9661,-42.0278,71.04,87,15,19.1
250,Berlevag,NO,2022-07-26 00:19:51,70.8578,29.0864,55.2,93,100,10.36
251,Goderich,CA,2022-07-26 00:19:51,43.7501,-81.7165,68.92,60,0,4.61
252,Key West,US,2022-07-26 00:19:52,24.5557,-81.7826,89.6,67,0,14.97
253,Sinnar,SD,2022-07-26 00:19:52,13.5691,33.5672,80.1,59,85,9.22
254,Marana,US,2022-07-26 00:19:53,32.4367,-111.2254,96.91,33,40,11.5
255,Louga,RU,2022-07-26 00:19:53,58.7372,29.8453,56.21,93,85,0.34
256,Corowa,AU,2022-07-26 00:19:54,-36.0333,146.3833,50.58,88,63,16.53
257,Lexington,US,2022-07-26 00:16:27,37.9887,-84.4777,82.4,69,0,3.44
258,Antofagasta,CL,2022-07-26 00:19:08,-23.65,-70.4,56.48,83,19,4.65
259,Lavrentiya,RU,2022-07-26 00:19:55,65.5833,-171.0,41.38,85,100,18.01
260,Victoria,HK,2022-07-26 00:18:11,22.2855,114.1577,88.97,75,49,8.01
261,Pisco,PE,2022-07-26 00:19:56,-13.7,-76.2167,60.85,88,20,11.5
262,Pucara,PE,2022-07-26 00:19:56,-15.9803,-71.4606,32.13,42,63,2.82
263,Mount Gambier,AU,2022-07-26 00:18:16,-37.8333,140.7667,51.69,60,81,14.2
264,Faya,SA,2022-07-26 00:19:57,18.3851,42.4509,63.12,56,100,6.15
265,Dibrugarh,IN,2022-07-26 00:19:57,27.4833,94.9,77.05,100,100,3.44
266,Hithadhoo,MV,2022-07-26 00:19:58,-0.6,73.0833,82.42,76,19,12.41
267,Andenes,NO,2022-07-26 00:19:58,69.3143,16.1194,55.38,94,100,3.44
268,Loandjili,CG,2022-07-26 00:19:59,-4.7561,11.8578,70.41,92,39,3.4
269,Roebourne,AU,2022-07-26 00:20:00,-20.7833,117.1333,63.81,39,2,14.99
270,Palencia,ES,2022-07-26 00:20:00,42.4167,-4.5,62.8,84,3,14.18
271,Shasta Lake,US,2022-07-26 00:20:01,40.6804,-122.3708,107.76,13,14,7.0
272,Tual,ID,2022-07-26 00:20:01,-5.6667,132.75,79.52,84,52,21.36
273,Bolshaya Sosnova,RU,2022-07-26 00:20:02,57.6713,54.6029,62.38,93,30,4.88
274,Rio Gallegos,AR,2022-07-26 00:20:02,-51.6226,-69.2181,24.85,86,0,6.91
275,Chandler,US,2022-07-26 00:20:03,33.3062,-111.8412,101.07,37,0,9.22
276,Porto Velho,BR,2022-07-26 00:16:42,-8.7619,-63.9039,78.85,65,0,0.0
277,Ust-Nera,RU,2022-07-26 00:20:04,64.5667,143.2,73.67,38,15,4.7
278,Sukumo,JP,2022-07-26 00:20:04,32.9333,132.7333,86.11,66,4,1.95
279,Acarau,BR,2022-07-26 00:20:05,-2.8856,-40.12,77.97,75,73,14.25
280,San Juan,AR,2022-07-26 00:18:20,-31.5375,-68.5364,57.65,73,80,5.03
281,High Level,CA,2022-07-26 00:21:05,58.5169,-117.136,75.31,38,40,2.3
282,San Quintin,MX,2022-07-26 00:21:06,30.4833,-115.95,72.19,70,1,11.83
283,Hay River,CA,2022-07-26 00:17:30,60.8156,-115.7999,71.58,40,40,9.22
284,Talnakh,RU,2022-07-26 00:21:07,69.4865,88.3972,58.21,72,70,7.11
285,Chuy,UY,2022-07-26 00:21:08,-33.6971,-53.4616,57.54,97,100,7.27
286,Lorengau,PG,2022-07-26 00:21:08,-2.0226,147.2712,81.9,80,94,7.74
287,Pedasi,PA,2022-07-26 00:21:09,7.5333,-80.0333,75.07,84,100,3.76
288,Torbay,CA,2022-07-26 00:21:09,47.6666,-52.7314,70.39,89,100,21.85
289,Zhigansk,RU,2022-07-26 00:21:10,66.7697,123.3711,69.37,55,28,1.01
290,Henties Bay,NA,2022-07-26 00:21:10,-22.116,14.2845,54.37,94,34,4.99
291,Inuvik,CA,2022-07-26 00:21:11,68.3499,-133.7218,77.76,31,75,8.05
292,Port Hedland,AU,2022-07-26 00:21:11,-20.3167,118.5667,66.25,39,30,8.05
293,Callaway,US,2022-07-26 00:21:12,30.153,-85.5699,84.96,78,40,4.61
294,Port Arthur,CN,2022-07-26 00:21:12,38.8,121.2667,82.62,76,90,9.82
295,Vanimo,PG,2022-07-26 00:21:13,-2.6741,141.3028,81.86,78,78,7.45
296,Tateyama,JP,2022-07-26 00:21:14,34.9833,139.8667,80.53,87,98,18.03
297,Yarim,YE,2022-07-26 00:21:14,14.298,44.3779,60.4,72,100,2.01
298,Shu,KZ,2022-07-26 00:21:15,43.5983,73.7614,75.4,26,0,5.7
299,Taltal,CL,2022-07-26 00:21:15,-25.4,-70.4833,59.52,77,20,3.87
300,Tura,IN,2022-07-26 00:21:16,25.5198,90.2201,73.09,98,100,3.56
301,Masyaf,SY,2022-07-26 00:21:17,35.0653,36.3406,69.98,44,0,5.93
302,Samokov,BG,2022-07-26 00:21:17,42.3333,23.55,63.68,70,1,4.0
303,Laja,CL,2022-07-26 00:16:47,-37.2667,-72.7,52.14,91,100,12.97
304,Mayna,RU,2022-07-26 00:21:18,54.1135,47.6231,58.78,96,71,3.85
305,Naranjal,EC,2022-07-26 00:21:18,-2.6667,-79.6167,74.46,86,82,4.56
306,Egvekinot,RU,2022-07-26 00:21:19,66.3167,-179.1667,42.67,59,96,11.86
307,Nanortalik,GL,2022-07-26 00:21:19,60.1432,-45.2371,42.75,96,100,7.29
308,Cidreira,BR,2022-07-26 00:21:20,-30.1811,-50.2056,60.91,95,16,5.23
309,Svetlogorsk,BY,2022-07-26 00:21:20,52.6333,29.7333,56.3,95,6,5.44
310,Butterworth,MY,2022-07-26 00:21:21,5.3991,100.3638,80.01,92,20,2.3
311,Broome,US,2022-07-26 00:21:21,42.2506,-75.833,73.78,71,0,13.8
312,Bardiyah,LY,2022-07-26 00:21:22,31.7561,25.0865,78.39,67,0,12.37
313,Bam,IR,2022-07-26 00:21:22,29.106,58.357,87.94,44,82,2.15
314,Ormond Beach,US,2022-07-26 00:19:58,29.2858,-81.0559,85.08,85,40,9.22
315,Sept-Iles,CA,2022-07-26 00:19:21,50.2001,-66.3821,63.12,99,100,4.61
316,Kosh-Agach,RU,2022-07-26 00:21:24,50.0,88.6667,48.11,63,76,2.44
317,Maridi,SS,2022-07-26 00:21:24,4.9158,29.4742,66.22,97,93,2.84
318,Caibarien,CU,2022-07-26 00:21:25,22.5206,-79.4669,81.72,78,50,14.54
319,Beringovskiy,RU,2022-07-26 00:21:25,63.05,179.3167,44.51,83,100,3.29
320,Balkhash,KZ,2022-07-26 00:21:26,46.844,74.9804,70.14,44,73,11.48
321,Kjopsvik,NO,2022-07-26 00:21:26,68.097,16.3742,53.17,88,69,7.34
322,Sekoma,BW,2022-07-26 00:21:27,-24.4,23.8833,57.15,62,10,13.18
323,Charters Towers,AU,2022-07-26 00:21:27,-20.1,146.2667,67.19,66,0,5.17
324,Morant Bay,JM,2022-07-26 00:22:28,17.8815,-76.4093,83.82,83,41,10.09
325,Husavik,IS,2022-07-26 00:22:29,66.0449,-17.3389,48.88,83,100,1.07
326,Taywarah,AF,2022-07-26 00:22:29,33.35,64.4167,63.79,57,94,1.19
327,Iraan,US,2022-07-26 00:22:30,30.914,-101.8979,97.14,12,0,8.99
328,Udachnyy,RU,2022-07-26 00:22:31,66.4167,112.4,71.46,77,59,6.4
329,Manokwari,ID,2022-07-26 00:22:31,-0.8667,134.0833,80.8,78,92,6.08
330,Prince George,CA,2022-07-26 00:20:07,53.9166,-122.753,76.24,55,75,2.3
331,Winona,US,2022-07-26 00:22:32,43.9666,-91.7668,71.4,64,0,0.0
332,Catamarca,AR,2022-07-26 00:22:33,-28.4696,-65.7852,68.58,69,3,5.82
333,Amapa,BR,2022-07-26 00:22:34,1.0,-52.0,73.0,98,76,2.08
334,Lugazi,UG,2022-07-26 00:22:35,0.3772,32.9197,64.98,78,93,0.96
335,Salalah,OM,2022-07-26 00:22:28,17.0151,54.0924,75.29,100,100,6.91
336,Luchegorsk,RU,2022-07-26 00:22:35,46.4764,134.2569,67.96,94,100,2.93
337,Twin Falls,US,2022-07-26 00:22:36,42.3505,-114.6445,89.49,14,0,6.91
338,Dalbandin,PK,2022-07-26 00:21:44,28.8947,64.4101,83.26,58,100,11.16
339,Canala,NC,2022-07-26 00:22:37,-21.5333,165.95,73.06,64,5,2.8
340,Aksu,CN,2022-07-26 00:22:37,41.1231,80.2644,80.46,25,9,5.75
341,Westport,US,2022-07-26 00:22:38,41.1415,-73.3579,83.14,91,0,10.0
342,Ocampo,MX,2022-07-26 00:22:38,21.65,-101.5,65.53,57,100,19.17
343,Maningrida,AU,2022-07-26 00:22:39,-12.0667,134.2667,75.65,58,15,12.59
344,Letlhakeng,BW,2022-07-26 00:22:39,-24.0944,25.0298,53.53,77,13,7.38
345,Souillac,MU,2022-07-26 00:22:40,-20.5167,57.5167,66.58,88,40,4.61
346,Akyab,MM,2022-07-26 00:22:40,20.15,92.9,79.68,86,10,5.59
347,Astana,KZ,2022-07-26 00:22:41,51.1801,71.446,55.35,76,0,8.95
348,Yar-Sale,RU,2022-07-26 00:22:41,66.8333,70.8333,48.07,81,54,15.68
349,Carutapera,BR,2022-07-26 00:22:42,-1.195,-46.02,77.34,86,97,5.5
350,Akureyri,IS,2022-07-26 00:22:42,65.6835,-18.0878,51.73,82,100,4.61
351,Angol,CL,2022-07-26 00:22:43,-37.8,-72.7167,51.39,97,99,7.63
352,Aykhal,RU,2022-07-26 00:22:43,66.0,111.5,69.78,77,52,9.15
353,Deputatskiy,RU,2022-07-26 00:22:44,69.3,139.9,60.51,56,100,4.61
354,Verkhoyansk,RU,2022-07-26 00:22:44,67.5447,133.385,76.01,47,90,3.04
355,Natal,BR,2022-07-26 00:22:04,-5.795,-35.2094,75.42,83,0,9.22
356,Haverfordwest,GB,2022-07-26 00:22:45,51.8017,-4.9691,58.59,87,100,8.93
357,Rocha,UY,2022-07-26 00:22:46,-34.4833,-54.3333,59.02,97,100,9.55
358,Barentu,ER,2022-07-26 00:22:46,15.1139,37.5928,72.48,73,100,3.87
359,Piacabucu,BR,2022-07-26 00:22:47,-10.4056,-36.4344,72.66,82,58,9.8
360,Ponferrada,ES,2022-07-26 00:19:15,42.5466,-6.5962,63.63,85,1,1.01
361,Fershampenuaz,RU,2022-07-26 00:22:47,53.5202,59.8117,61.5,77,67,4.65
362,Finnsnes,NO,2022-07-26 00:22:48,69.2296,17.9811,48.81,87,98,4.29
363,Vestmannaeyjar,IS,2022-07-26 00:22:49,63.4427,-20.2734,52.66,78,92,10.11
364,Ajdabiya,LY,2022-07-26 00:22:49,30.7554,20.2263,78.78,69,0,12.82
365,Milot,HT,2022-07-26 00:22:50,19.6167,-72.2167,76.24,93,51,6.35
366,Solnechnyy,RU,2022-07-26 00:22:50,50.7214,136.6319,62.58,83,84,6.64
367,Lima,PE,2022-07-26 00:21:32,-12.0432,-77.0282,61.9,81,100,12.66
368,Ulladulla,AU,2022-07-26 00:22:51,-35.35,150.4667,59.47,70,55,11.68
369,Kholodnyy,RU,2022-07-26 00:22:51,62.7167,147.95,69.6,41,19,1.9
370,Marawi,PH,2022-07-26 00:22:52,7.9986,124.2928,75.88,78,92,1.74
371,Mocuba,MZ,2022-07-26 00:22:52,-16.8392,36.9856,58.77,96,0,3.24
372,Alberton,CA,2022-07-26 00:23:53,46.8168,-64.0654,75.11,77,100,20.24
373,Winsum,NL,2022-07-26 00:23:54,53.33,6.5208,66.18,86,55,10.87
374,Hohoe,GH,2022-07-26 00:23:54,7.1518,0.4736,72.91,88,94,1.07
375,Porto Novo,BJ,2022-07-26 00:23:55,6.4965,2.6036,76.82,87,80,7.38
376,Penzance,GB,2022-07-26 00:23:55,50.1186,-5.5371,59.68,72,75,10.74
377,Zhangjiakou,CN,2022-07-26 00:23:56,40.81,114.8794,73.2,75,74,7.34
378,Christchurch,NZ,2022-07-26 00:23:56,-43.5333,172.6333,50.92,97,100,6.91
379,Bow Island,CA,2022-07-26 00:23:57,49.8668,-111.3684,72.66,56,95,5.75
380,Auki,SB,2022-07-26 00:23:58,-8.7676,160.7034,85.8,62,15,3.09
381,Mogok,MM,2022-07-26 00:23:58,22.9167,96.5,66.76,89,82,2.15
382,Muisne,EC,2022-07-26 00:23:59,0.6,-80.0333,73.47,85,98,9.95
383,Mpraeso,GH,2022-07-26 00:23:59,6.5932,-0.7346,68.47,92,91,3.44
384,Calumpang,PH,2022-07-26 00:24:00,14.6228,121.0897,88.07,76,40,3.44
385,Markha,RU,2022-07-26 00:24:00,62.1053,129.7269,73.36,60,0,7.0
386,Saint-Joseph,RE,2022-07-26 00:24:01,-21.3667,55.6167,64.2,79,33,7.99
387,Coahuayana,MX,2022-07-26 00:24:01,18.7333,-103.6833,82.98,77,100,1.81
388,Comodoro Rivadavia,AR,2022-07-26 00:24:02,-45.8667,-67.5,39.06,87,0,4.61
389,Baoqing,CN,2022-07-26 00:24:03,46.3317,132.2111,74.82,78,0,1.3
390,Tiksi,RU,2022-07-26 00:24:03,71.6872,128.8694,51.33,81,44,6.08
391,Okhotsk,RU,2022-07-26 00:24:04,59.3833,143.3,62.2,71,56,5.14
392,Santiago Del Estero,AR,2022-07-26 00:21:33,-27.7951,-64.2615,73.8,59,8,4.07
393,Vila Franca Do Campo,PT,2022-07-26 00:24:05,37.7167,-25.4333,70.21,93,43,3.31
394,Yerofey Pavlovich,RU,2022-07-26 00:24:06,53.9667,121.9667,74.7,62,40,5.1
395,El Alto,PE,2022-07-26 00:24:06,-4.2714,-81.2147,62.76,89,46,17.74
396,Cockburn Town,TC,2022-07-26 00:24:07,21.4612,-71.1419,81.88,85,36,22.93
397,Solone,UA,2022-07-26 00:24:07,48.2081,34.8721,60.26,95,5,8.08
398,Brae,GB,2022-07-26 00:24:08,60.3964,-1.353,50.25,78,100,22.66
399,Lasa,IT,2022-07-26 00:24:08,46.6166,10.7002,62.37,95,88,4.7
400,Hovd,MN,2022-07-26 00:24:09,48.0056,91.6419,58.05,40,2,3.78
401,Khor,RU,2022-07-26 00:24:09,47.8861,134.9464,73.51,78,12,4.74
402,Anadyr,RU,2022-07-26 00:24:10,64.75,177.4833,48.7,76,20,4.47
403,Jumla,NP,2022-07-26 00:24:10,29.2747,82.1838,59.85,97,92,1.81
404,Dwarka,IN,2022-07-26 00:24:11,22.2394,68.9678,82.65,80,97,16.51
405,Mayo,US,2022-07-26 00:24:11,38.8876,-76.5119,80.94,88,93,3.0
406,Pascagoula,US,2022-07-26 00:24:12,30.3658,-88.5561,84.25,79,0,5.75
407,Fairbanks,US,2022-07-26 00:20:32,64.8378,-147.7164,75.16,51,75,11.5
408,Srednekolymsk,RU,2022-07-26 00:24:13,67.45,153.6833,60.64,37,38,12.35
409,Tulagi,SB,2022-07-26 00:24:13,-9.0996,160.1476,82.36,72,25,9.64
410,Gazojak,TM,2022-07-26 00:24:14,41.1875,61.4036,82.2,37,37,21.56
411,Gunjur,GM,2022-07-26 00:24:14,13.2019,-16.7339,75.27,94,75,5.75
412,Viani,CO,2022-07-26 00:24:15,4.8738,-74.5624,68.43,92,55,2.75
413,Denpasar,ID,2022-07-26 00:21:25,-8.65,115.2167,76.71,88,75,8.05
414,Vestmanna,FO,2022-07-26 00:24:16,62.1564,-7.1664,45.52,87,100,8.05
415,Luwuk,ID,2022-07-26 00:24:16,-0.9516,122.7875,79.54,82,73,5.32
416,Ruidoso,US,2022-07-26 00:24:17,33.3317,-105.673,66.87,85,0,11.5
417,George,ZA,2022-07-26 00:24:17,-33.963,22.4617,53.15,54,0,1.14
418,Dubai,AE,2022-07-26 00:22:50,25.2582,55.3047,94.93,52,100,11.5
419,Cayenne,GF,2022-07-26 00:25:18,4.9333,-52.3333,83.08,1,0,2.3
420,Keetmanshoop,NA,2022-07-26 00:25:18,-26.5833,18.1333,61.56,31,8,6.33
421,Amargosa,BR,2022-07-26 00:25:19,-13.0303,-39.6047,63.16,98,68,5.75
422,Shenxian,CN,2022-07-26 00:25:20,36.2411,115.6672,78.35,81,41,9.4
423,Bridlington,GB,2022-07-26 00:25:20,54.0831,-0.1919,56.89,75,94,16.91
424,Brokopondo,SR,2022-07-26 00:25:21,4.75,-55.1667,77.86,85,93,7.52
425,Lakhipur,IN,2022-07-26 00:25:21,26.0299,90.3041,77.13,93,98,2.98
426,Kailua,US,2022-07-26 00:23:27,21.4022,-157.7394,87.78,65,0,12.66
427,Brigantine,US,2022-07-26 00:20:27,39.4101,-74.3646,76.05,94,100,0.0
428,Sechura,PE,2022-07-26 00:25:22,-5.5569,-80.8222,67.28,79,27,15.79
429,Port-Gentil,GA,2022-07-26 00:25:23,-0.7193,8.7815,74.32,80,99,14.43
430,Sao Gabriel Da Cachoeira,BR,2022-07-26 00:25:23,-0.1303,-67.0892,73.4,98,63,2.39
431,Costinesti,RO,2022-07-26 00:25:24,43.95,28.6333,67.24,71,0,6.13
432,Klembivka,UA,2022-07-26 00:25:24,48.3904,28.4109,54.52,87,3,3.0
433,Kysyl-Syr,RU,2022-07-26 00:25:25,63.8986,122.7617,75.76,63,62,6.87
434,Toora-Khem,RU,2022-07-26 00:25:25,52.4675,96.11,51.51,77,46,1.95
435,Bonavista,CA,2022-07-26 00:25:26,48.6499,-53.1147,64.67,94,100,17.0
436,Puerto Escondido,MX,2022-07-26 00:25:26,15.85,-97.0667,85.03,61,100,3.44
437,Borcea,RO,2022-07-26 00:25:27,44.3333,27.75,67.15,62,2,3.65
438,Hudson Bay,CA,2022-07-26 00:25:27,52.85,-102.3842,62.73,67,100,8.7
439,Ambon,ID,2022-07-26 00:25:28,-3.6954,128.1814,75.34,100,75,4.61
440,Varzea Da Palma,BR,2022-07-26 00:25:28,-17.5981,-44.7308,67.08,45,0,4.05
441,Blue Springs,US,2022-07-26 00:25:29,39.0169,-94.2816,72.28,86,0,12.66
442,Masinigudi,IN,2022-07-26 00:25:30,11.5667,76.6667,66.52,93,93,2.71
443,Copiapo,CL,2022-07-26 00:25:09,-27.3667,-70.3333,49.69,61,1,0.63
444,Roma,US,2022-07-26 00:25:31,43.2128,-75.4557,69.94,62,0,8.05
445,Atbasar,KZ,2022-07-26 00:25:31,51.8,68.3333,69.28,45,79,6.08
446,Khandyga,RU,2022-07-26 00:25:32,62.6667,135.6,70.88,49,36,2.53
447,Korla,CN,2022-07-26 00:25:32,41.7597,86.1469,79.59,30,18,5.86
448,North Bend,US,2022-07-26 00:25:33,43.4065,-124.2243,83.25,84,20,13.8
449,Saint-Leu,RE,2022-07-26 00:25:33,-21.15,55.2833,67.32,74,52,3.94
450,Hervey Bay,AU,2022-07-26 00:25:34,-25.2986,152.8535,66.02,86,0,4.0
451,Goito,IT,2022-07-26 00:25:34,45.2549,10.6721,79.56,89,65,5.99
452,Hofu,JP,2022-07-26 00:25:35,34.05,131.5667,82.31,85,3,2.73
453,Dzaoudzi,YT,2022-07-26 00:25:35,-12.7887,45.2699,73.29,88,0,5.75
454,Qala,AZ,2022-07-26 00:25:36,40.4418,50.1681,67.89,77,0,4.61
455,Shakawe,BW,2022-07-26 00:25:36,-18.3667,21.85,58.23,42,4,4.41
456,Baijiantan,CN,2022-07-26 00:25:37,45.6333,85.1833,76.91,22,0,2.51
457,Holoby,UA,2022-07-26 00:25:37,51.0865,25.0077,58.05,82,1,5.41
458,Oistins,BB,2022-07-26 00:21:23,13.0667,-59.5333,80.69,89,75,11.5
459,Beit Jann,IL,2022-07-26 00:25:38,32.9646,35.3815,63.77,76,0,2.15
460,Kokuy,RU,2022-07-26 00:25:39,52.2037,117.5529,69.08,76,96,4.88
461,Kupang,ID,2022-07-26 00:25:40,-10.1667,123.5833,76.84,66,41,7.85
462,Moose Factory,CA,2022-07-26 00:25:40,51.2585,-80.6094,60.8,72,100,9.22
463,Karla,EE,2022-07-26 00:25:41,59.3723,24.9275,64.56,86,0,6.91
464,Leshukonskoye,RU,2022-07-26 00:26:41,64.8989,45.7622,45.55,87,25,2.59
465,Maragogi,BR,2022-07-26 00:26:42,-9.0122,-35.2225,73.31,81,22,10.98
466,Palmer,US,2022-07-26 00:26:42,42.1584,-72.3287,78.1,76,75,0.0
467,Thunder Bay,CA,2022-07-26 00:24:00,48.4001,-89.3168,75.11,41,20,11.5
468,Davidson,US,2022-07-26 00:26:43,36.1501,-86.7833,84.49,74,100,10.36
469,Acapulco,MX,2022-07-26 00:22:38,16.8634,-99.8901,85.82,66,40,6.91
470,Den Helder,NL,2022-07-26 00:26:44,52.9599,4.7593,65.95,84,20,16.11
471,Oranjemund,NA,2022-07-26 00:26:45,-28.55,16.4333,56.08,82,0,3.31
472,Ahuimanu,US,2022-07-26 00:26:45,21.4447,-157.8378,87.51,61,0,18.41
473,Surt,LY,2022-07-26 00:26:46,31.2089,16.5887,79.47,74,0,5.7
474,Ushtobe,KZ,2022-07-26 00:26:46,45.2514,77.9838,65.91,29,29,12.46
475,Tocopilla,CL,2022-07-26 00:26:47,-22.092,-70.1979,61.02,76,27,7.34
476,Vila Do Maio,CV,2022-07-26 00:26:47,15.1333,-23.2167,79.59,87,87,6.82
477,Hokitika,NZ,2022-07-26 00:26:48,-42.7167,170.9667,51.69,74,92,6.29
478,Rundu,NA,2022-07-26 00:26:49,-17.9333,19.7667,56.53,40,1,5.23
479,Avera,US,2022-07-26 00:26:49,33.194,-82.5271,85.51,57,97,7.72
480,Dahod,IN,2022-07-26 00:26:50,22.8333,74.2667,74.16,96,100,12.62
481,Marzuq,YE,2022-07-26 00:26:50,14.4,46.4667,79.79,60,100,4.5
482,Manosque,FR,2022-07-26 00:26:51,43.8288,5.7869,74.55,58,25,4.34
483,Hami,CN,2022-07-26 00:26:51,42.8,93.45,81.95,20,14,8.03
484,Bumba,CD,2022-07-26 00:26:52,2.1833,22.4667,71.55,97,80,3.27
485,Dicabisagan,PH,2022-07-26 00:26:53,17.0818,122.4157,82.92,77,100,2.66
486,Kutum,SD,2022-07-26 00:26:53,14.2,24.6667,80.65,46,64,4.76
487,Mineros,BO,2022-07-26 00:26:54,-17.1167,-63.2333,77.52,64,84,4.56
488,Karlovo,BG,2022-07-26 00:26:54,42.6333,24.8,69.21,66,14,0.47
489,Tomatlan,MX,2022-07-26 00:26:55,19.9333,-105.25,79.86,87,100,2.66
490,Mahendragarh,IN,2022-07-26 00:26:56,28.2833,76.15,82.8,71,17,11.14
491,Sobolevo,RU,2022-07-26 00:26:57,54.4299,31.8996,56.32,96,27,5.79
492,Songjianghe,CN,2022-07-26 00:26:58,42.1859,127.479,72.41,82,70,4.05
493,Porbandar,IN,2022-07-26 00:26:58,21.6422,69.6093,82.17,80,100,15.7
494,Altay,CN,2022-07-26 00:26:58,47.8667,88.1167,61.84,38,0,2.53
495,Melfi,IT,2022-07-26 00:26:59,40.9965,15.6514,68.49,71,1,7.02
496,Fortuna,US,2022-07-26 00:24:58,40.5982,-124.1573,73.92,67,42,1.99
497,West Wendover,US,2022-07-26 00:27:00,40.7391,-114.0733,96.01,12,0,6.91
498,Parana,AR,2022-07-26 00:27:01,-31.732,-60.5238,72.55,82,84,7.34
499,Great Bend,US,2022-07-26 00:27:01,38.3645,-98.7648,84.61,61,0,13.8
500,Causapscal,CA,2022-07-26 00:27:02,48.3542,-67.227,66.11,90,56,11.05
501,Elk City,US,2022-07-26 00:27:02,35.412,-99.4043,100.38,21,66,17.67
502,Ruy Barbosa,BR,2022-07-26 00:27:03,-12.2839,-40.4939,66.79,82,85,5.01
503,Pauini,BR,2022-07-26 00:27:04,-7.7136,-66.9764,81.81,54,87,0.85
504,Trinidad,BO,2022-07-26 00:23:49,-14.8333,-64.9,80.1,63,64,1.54
505,Ponta Delgada,PT,2022-07-26 00:27:05,37.7333,-25.6667,70.52,88,40,2.3
506,La Ronge,CA,2022-07-26 00:27:05,55.1001,-105.2842,70.05,37,75,11.5
507,Muqui,BR,2022-07-26 00:27:06,-20.956,-41.3531,62.73,96,5,1.03
508,Le Port,RE,2022-07-26 00:27:06,-20.9373,55.2919,68.25,76,11,7.81
509,San Cristobal,VE,2022-07-26 00:25:29,7.7669,-72.225,75.38,98,50,2.1
510,Bambanglipuro,ID,2022-07-26 00:28:07,-7.95,110.2833,71.28,83,91,3.4
511,Diffa,NE,2022-07-26 00:28:08,13.3154,12.6113,87.89,50,50,16.71
512,Iralaya,HN,2022-07-26 00:28:08,15.0,-83.2333,79.59,80,99,6.71
513,Cairns,AU,2022-07-26 00:25:35,-16.9167,145.7667,79.11,74,100,9.22
514,Mitikas,GR,2022-07-26 00:28:10,38.6699,20.9466,71.58,60,0,3.36
515,Luganville,VU,2022-07-26 00:28:10,-15.5333,167.1667,82.63,74,12,5.84
516,Usinsk,RU,2022-07-26 00:28:11,65.9939,57.5281,49.51,74,100,19.69
517,Gol,NO,2022-07-26 00:26:37,60.7014,8.9457,58.95,92,52,3.78
518,Mackenzie,CA,2022-07-26 00:28:12,55.2999,-123.1698,73.62,49,100,2.3
519,Constitucion,CL,2022-07-26 00:28:12,-35.3333,-72.4167,53.46,91,100,21.54
520,Ternate,ID,2022-07-26 00:28:13,0.8,127.4,81.28,78,96,5.1
521,Ust-Ilimsk,RU,2022-07-26 00:28:13,58.0006,102.6619,61.12,99,100,8.81
522,Te Anau,NZ,2022-07-26 00:28:14,-45.4167,167.7167,40.91,98,100,2.26
523,Igrim,RU,2022-07-26 00:28:14,63.1906,64.4162,49.41,69,9,8.84
524,Jabinyanah,TN,2022-07-26 00:28:15,35.035,10.9081,80.4,43,0,7.27
525,Atar,MR,2022-07-26 00:28:16,20.5169,-13.0499,92.66,40,97,8.61
526,Santa Maria Del Oro,MX,2022-07-26 00:28:16,25.9333,-105.3667,73.09,46,79,7.47
527,Naze,JP,2022-07-26 00:25:19,28.3667,129.4833,83.32,74,9,3.24
528,Karratha,AU,2022-07-26 00:24:18,-20.7377,116.8463,63.63,39,3,13.71
529,Bloomfield,US,2022-07-26 00:25:11,40.8068,-74.1854,86.25,65,0,8.05
530,Nhulunbuy,AU,2022-07-26 00:28:18,-12.2333,136.7667,79.41,69,40,18.41
531,Enumclaw,US,2022-07-26 00:28:19,47.2043,-121.9915,90.25,43,8,3.0
532,Severnoye,RU,2022-07-26 00:28:19,56.3491,78.3619,59.52,85,96,5.88
533,Quepos,CR,2022-07-26 00:28:20,9.4236,-84.1652,77.49,87,99,4.63
534,Edendale,ZA,2022-07-26 00:28:20,-29.6528,30.3147,42.08,89,1,3.38
535,Mae Hong Son,TH,2022-07-26 00:28:21,19.3003,97.9685,75.34,94,75,2.3
536,Mareeba,AU,2022-07-26 00:28:21,-17.0,145.4333,74.48,77,0,4.9
537,Sayat,TM,2022-07-26 00:28:22,38.7839,63.8803,80.47,16,0,9.26
538,Grand-Santi,GF,2022-07-26 00:28:22,4.25,-54.3833,73.44,97,92,2.73
